Designator,Footprint,Quantity,Value,LCSC Part #
"BT1, BT2, BT3, BT4",JST_PH_B2B-PH-SM4-TB_1x02-1MP_P2.00mm_Vertical,4,Battery_Cell,C265003 
"C1, C10, C12, C15, C17, C20, C22, C23, C24, C25, C27, C29, C30, C32, C4, C5, C66, C67, C7, C72, C73, C74, C76, C77, C79, C83",0402,26,100nF,C1525 
"C11, C6",0402,2,4.7uF,C23733
C13,0402,1,20pF,C1554 
"C14, C46, C47",0402,3,20pF,C1554
"C16, C35",0402,2,100nF,C1525
"C18, C19",0402,2,470nF,C92361
"C2, C21, C26, C3, C31, C34, C36, C37, C48, C49, C51, C52, C53, C9",0402,14,1uF,C52923
"C28, C75",0603,2,10uF,C96446 
"C33, C39, C42, C43, C44, C45, C50, C54, C55, C61, C62",0805,11,22uF,C6119899 
C38,CP_Elec_6.3x5.4,1,100uF 16V,C37308
"C40, C41",0402,2,22nF,C1532
"C56, C57, C58, C59, C64, C65",1206,6,47uF,C5448950
"C60, C63",0402,2,3.3nF,C1536
C68,0805,1,10uF,C15850 
"C69, C70",0805,2,1uF,C28323
C71,0805,1,100nF,C28233 
C8,0402,1,10nF,C15195
"D1, D2, D23, D3, D4",0402,5,LED_0402,C41366936 
"D10, D11, D12, D13, D14, D15, D16, D17, D18, D19, D20, D21, D22, D5, D6, D7, D8, D9",0402,18,BACKL,C41366936 
D25,D_SOD-123,1,MBR0540,C116159
D26,D_SOD-323,1,MM3Z24VT1G,C463816 
"D27, D28, D29",LED-SMD_3P-L3.0-W1.0-R-RD,3,LKIR30102C-A01(DY),C2759909
"D_1, D_10, D_11, D_12, D_13, D_14, D_15, D_16, D_17, D_18, D_19, D_2, D_20, D_21, D_22, D_23, D_24, D_25, D_26, D_27, D_28, D_29, D_3, D_30, D_31, D_32, D_33, D_34, D_35, D_36, D_37, D_38, D_39, D_4, D_40, D_41, D_42, D_43, D_44, D_45, D_46, D_47, D_48, D_49, D_5, D_50, D_51, D_52, D_53, D_54, D_55, D_56, D_57, D_58, D_59, D_6, D_60, D_61, D_62, D_63, D_64, D_65, D_66, D_67, D_68, D_7, D_8, D_9",D_SOD-523,68,D,C27748
D_69,D_SOD-123,1,MBR0540,C116159 
"F1, F3, F4",0603,3,500mA,C210357
J1,CONN4_BM04B-SRSS_JST,1,CPU_FAN,C160390
J10,AFC07-S30ECA-00,1,Conn_01x30,C262569
J11,AFC07-S22ECA-00,1,Conn_01x22,C262642
J12,HDMI-519S,1,HDMI_C_1.3,C183605
"J13, J6",USB_C_Receptacle_HRO_TYPE-C-31-M-12,2,USB_C_Receptacle_USB2.0_16P,C165948
J14,AFC07-S06ECA-00,1,Conn_01x06,C262579
J16,1-2199119-5 M.2 M key,1,1-2199119-5,C574849 
J19,SENSOR-SMD_TSOP77438TR,1,TSOP77438TR,C145446 
J20,FPC-SMD_22P-P1.00_AFC11-S22ICC-00 - REVERSED,1,Conn_01x22,C5248019
J7,AFC01-S05FCA-00_1x05_P0.5mm_FFC_Bottom_Contact,1,Conn_01x05,C5213747
J8,PJ-342B,1,PJ-342B,C7507452
"K_73, K_74, K_79, K_80",ZX-QC66-7.5TP,4,ZX-QC66-4.3TP,C7470157
K_81,BTN_SMD_4x3mm,1,SW_RESET,C720477 
K_82,BTN_SMD_4x3mm,1,SW_BOOT,C720477 
"K_83, K_84",BTN_SMD_4x3mm,2,ButtonSmall,C720477 
L1,IND_XFL4020-102MEC,1,1uH,C5355380 
L2,IND_XFL4020-102MEC,1,1uH,C5355380
"L3, L4",1008,2,1uH,C882955 
L5,1210,1,BRL3225T150K,C478845 
"LS1, LS2",Molex_PicoBlade_53398-0271_1x02-1MP_P1.25mm_Vertical,2,SPK,C177225
MODULE2,AMPHENOL_10164227-1004A1RLF,1,10164227-1001A1RLF,C6782225 
MODULE3,AMPHENOL_10164227-1004A1RLF-101-200,1,10164227-1001A1RLF,C6782225 
"Q1, Q5",SOT-23,2,IRLML6244,C5364313
"Q2, Q3",SOIC-8_3.9x4.9mm_P1.27mm,2,AO4407A,C16072
"R1, R32, R33, R56, R61",0402,5,10K,C25744
"R10, R11, R12, R13, R14, R15, R16, R17, R18, R19, R2, R20, R21, R22, R23, R24, R3, R4, R5, R6, R7, R8, R9",0402,23,30R,C1091
"R25, R30, R64, R65, R66, R67, R68, R73, R75",0402,9,1K,C11702 
"R26, R31",0402,2,10K,C25744 
"R27, R28, R43, R44",0402,4,22R,C25092
R29,0402,1,1K,C11702
"R34, R35",0402,2,16R,C270416
"R36, R37, R38, R39",0402,4,3.3K,C25890
"R40, R41",0402,2,56K,C25796 
R42,0402,1,0R,C17168
"R45, R46",0402,2,1.5K,C25867
R47,0805,1,1M,C17514
"R48, R51, R52",0402,3,470K,C177264
R49,0402,1,430K,C131588
R50,0402,1,82K,C4142
R53,0402,1,150K,C25755
"R54, R55, R83, R84",0402,4,1.8K,C25871
R57,0805,1,10K,C17414
R58,0805,1,3R,C17660
"R59, R60",0805,2,12R,C17445
"R62, R63",0402,2,6.8K,C25917
"R69, R70",0402,2,5.1K,C25905 
R71,0805,1,1M,C17514 
R72,0603,1,10R,C177346
R74,HOT(0.25_1.3)-3.2-0R-I,1,0R,C500753 
RV1,RK10J12E0A0A volume thumbwheel,1,10K,C231765
S1,SW_SSSS811101,1,SSSS811101,C109335
U1,SOIC-8_5.3x5.3mm_P1.27mm,1,W25Q128JVS,C97521 
"U10, U11",BGA24N50P4X6_310X210X62N,2,TPS62180YZFR,C2071394 
"U12, U15",SOT-23-5,2,SY6280_OCP,C55136
U13,SOT-23-5,1,FAN5333ASX,C890747
"U14, U6",SOT-23-6,2,USBLC6-2SC6,C2827654
U2,LQFP-48_7x7mm_P0.5mm,1,STM32F072CBT6,C81720
U3,SOT-23,1,XC6206,C5446
U4,SLM8254AAV,1,S-8254AAWFT-TB-G,C7541669
U5,QFN-56-1EP_7x7mm_P0.4mm_EP3.2x3.2mm,1,RP2040,C2040 
U7,QSOP-16_3.9x4.9mm_P0.635mm,1,CH334R,C4154405
U8,SOP-16_3.9x9.9mm_P1.27mm,1,PAM8406AB,C86270
U9,QFP80P900X900X120-32N,1,PCM2706CPJT,C2651268
"X1, X2, X3",Crystal_SMD_3225-4Pin_3.2x2.5mm,3,X322512MSB4SI,C9002
