Designator,Mid X,Mid Y,Rotation,Layer
BT1,153.87,-114.12,180.0,bottom
BT2,163.72,-114.12,180.0,bottom
C1,163.916249,-137.6575,270.0,bottom
C10,167.138757,-126.812501,90.0,bottom
C100,168.83,-87.3,270.0,bottom
C101,167.9,-91.41,270.0,bottom
C102,165.55,-91.31,0.0,bottom
C103,165.55,-93.4,180.0,bottom
C104,162.69,-80.21,180.0,bottom
C105,162.64,-82.27,180.0,bottom
C106,155.855,-77.37,180.0,bottom
C107,168.83,-84.12,90.0,bottom
C108,172.18,-78.51,0.0,bottom
C109,172.18,-80.6,0.0,bottom
C11,168.12125,-126.812503,90.0,bottom
C110,172.18,-82.68,0.0,bottom
C111,155.21,-87.31,90.0,bottom
C112,155.855,-76.34,180.0,bottom
C113,155.855,-78.42,180.0,bottom
C114,155.855,-79.47,180.0,bottom
C115,157.31,-87.31,90.0,bottom
C116,159.46,-87.31,90.0,bottom
C117,158.635,-76.51,0.0,bottom
C118,158.635,-78.06,0.0,bottom
C119,159.98,-79.7,180.0,bottom
C12,219.17,-108.605,270.0,bottom
C120,158.02,-79.69,0.0,bottom
C121,163.43,-77.31,90.0,bottom
C122,161.28,-77.31,90.0,bottom
C123,153.825,-60.05,0.0,bottom
C13,216.277734,-113.462128,90.0,bottom
C14,211.462911,-115.214213,90.0,bottom
C15,209.035729,-111.784419,180.0,bottom
C16,209.362847,-102.181161,180.0,bottom
C17,235.51,-86.5,270.0,bottom
C18,231.92375,-110.205,270.0,bottom
C19,239.78375,-106.485,0.0,bottom
C2,158.445648,-121.607093,0.0,bottom
C20,232.12375,-115.965,90.0,bottom
C21,207.76331,-102.650008,90.0,bottom
C22,220.195,-108.605,270.0,bottom
C23,211.037297,-111.784754,180.0,bottom
C24,206.534346,-107.212996,180.0,bottom
C25,206.667769,-105.164031,180.0,bottom
C26,236.70375,-93.165,90.0,bottom
C27,207.107907,-104.13799,180.0,bottom
C28,192.718632,-114.56,180.0,bottom
C29,213.91317,-101.22721,0.0,bottom
C3,157.327653,-126.7465,0.0,bottom
C30,217.43901,-103.510117,0.0,bottom
C31,217.68375,-108.135,0.0,bottom
C32,192.440294,-116.045058,0.0,bottom
C33,190.14125,-114.78,270.0,bottom
C34,207.083917,-109.350381,0.0,bottom
C35,209.59899,-94.466911,0.0,bottom
C36,236.90375,-108.235,0.0,bottom
C37,239.09375,-116.985,180.0,bottom
C38,248.696086,-113.879603,0.0,bottom
C39,234.57375,-117.485,0.0,bottom
C4,166.216249,-137.657501,90.0,bottom
C40,236.70375,-100.515,90.0,bottom
C41,239.87375,-94.785,0.0,bottom
C42,239.15375,-96.385,180.0,bottom
C43,239.15375,-98.485,180.0,bottom
C44,239.05375,-102.735,180.0,bottom
C45,239.00375,-104.885,180.0,bottom
C46,236.65375,-104.815,270.0,bottom
C47,227.22375,-104.035,0.0,bottom
C48,229.27375,-91.385,0.0,bottom
C49,232.27375,-91.385,180.0,bottom
C5,157.343749,-128.784997,180.0,bottom
C50,235.10375,-90.785,0.0,bottom
C51,224.67375,-97.135,0.0,bottom
C52,224.58375,-93.535,180.0,bottom
C53,238.95375,-108.235,0.0,bottom
C54,176.6545,-79.755,0.0,bottom
C55,176.6045,-73.08,0.0,bottom
C56,180.1545,-80.855,270.0,bottom
C57,180.2545,-72.58,90.0,bottom
C58,182.6545,-80.855,270.0,bottom
C59,182.8295,-72.58,90.0,bottom
C6,157.343742,-127.802497,180.0,bottom
C60,178.9295,-76.105,90.0,bottom
C61,188.7305,-73.205,0.0,bottom
C62,188.6805,-79.88,0.0,bottom
C63,191.1305,-76.33,90.0,bottom
C64,192.3555,-72.855,90.0,bottom
C65,192.3805,-80.955,270.0,bottom
C66,242.587542,-52.126575,0.0,bottom
C67,236.653198,-23.333385,0.0,bottom
C68,158.77,-68.055,270.0,bottom
C69,172.874356,-68.192504,90.0,bottom
C7,169.61375,-134.46,0.0,bottom
C70,170.749356,-68.192504,90.0,bottom
C71,165.645,-71.355,90.0,bottom
C72,241.01,-81.93,180.0,bottom
C73,241.01,-80.91,180.0,bottom
C74,240.02,-84.47,270.0,bottom
C75,241.04,-84.47,270.0,bottom
C76,166.0,-89.24,90.0,bottom
C77,169.9,-88.06,90.0,bottom
C79,160.400718,-39.249486,180.0,bottom
C8,162.46625,-137.6575,90.0,bottom
C83,251.44,-70.65,180.0,bottom
C84,163.07,-98.67,270.0,bottom
C85,162.82,-101.27,90.0,bottom
C86,162.82,-103.27,90.0,bottom
C87,161.32,-103.72,0.0,bottom
C88,159.27,-104.92,180.0,bottom
C89,149.42,-101.95,270.0,bottom
C9,161.50875,-137.832501,90.0,bottom
C90,149.42,-100.05,270.0,bottom
C91,151.34,-91.01,0.0,bottom
C92,153.29,-91.01,0.0,bottom
C93,169.9,-83.31,270.0,bottom
C94,168.44,-82.02,90.0,bottom
C95,166.18,-79.67,0.0,bottom
C96,166.18,-81.74,180.0,bottom
C97,172.18,-91.26,180.0,bottom
C98,172.18,-93.34,0.0,bottom
C99,172.18,-95.42,0.0,bottom
D1,156.15375,-119.855,0.0,top
D10,159.10375,-161.335,0.0,top
D11,227.10375,-161.135,0.0,top
D12,176.04625,-127.36,0.0,top
D13,227.09625,-144.81,0.0,top
D14,176.09625,-144.81,0.0,top
D15,227.04625,-127.36,0.0,top
D16,176.10375,-161.135,0.0,top
D17,210.10375,-161.135,0.0,top
D18,193.04625,-127.36,0.0,top
D19,210.09625,-144.81,0.0,top
D2,156.15375,-121.855,0.0,top
D20,193.09625,-144.81,0.0,top
D21,210.04625,-127.36,0.0,top
D22,193.10375,-161.135,0.0,top
D23,212.09625,-91.685,90.0,top
D25,167.145,-68.155,0.0,bottom
D26,167.895,-71.43,270.0,bottom
D27,161.59,-18.85675,0.0,bottom
D28,166.25,-18.85675,0.0,bottom
D29,170.91,-18.85675,0.0,bottom
D3,156.15375,-123.855,0.0,top
D30,165.42,-99.22,270.0,bottom
D31,157.82,-95.74,0.0,bottom
D32,157.27,-100.57,270.0,bottom
D33,164.27,-106.92,90.0,bottom
D34,234.18,-66.8775,90.0,bottom
D35,169.4375,-89.54,180.0,bottom
D4,156.16875,-125.855,0.0,top
D5,244.10375,-161.335,0.0,top
D6,159.40375,-127.96,225.0,top
D7,244.09625,-144.81,0.0,top
D8,159.09625,-144.81,0.0,top
D9,244.04625,-127.36,0.0,top
D_1,153.45375,-132.285,270.0,bottom
D_10,161.90375,-156.585,270.0,bottom
D_11,170.45375,-164.685,270.0,bottom
D_12,170.43625,-122.185,270.0,bottom
D_13,174.679446,-133.369087,0.0,bottom
D_14,170.40375,-140.385,270.0,bottom
D_15,170.47875,-148.485,270.0,bottom
D_16,170.50375,-156.585,270.0,bottom
D_17,179.00375,-164.685,270.0,bottom
D_18,178.92875,-122.185,270.0,bottom
D_19,179.00375,-132.326294,270.0,bottom
D_2,153.46125,-140.385,270.0,bottom
D_20,178.92875,-140.385,270.0,bottom
D_21,178.95375,-148.485,270.0,bottom
D_22,178.97875,-156.61,270.0,bottom
D_23,187.47875,-122.185,270.0,bottom
D_24,187.45375,-132.301294,270.0,bottom
D_25,187.45375,-140.385,270.0,bottom
D_26,187.50375,-148.485,270.0,bottom
D_27,187.55375,-156.585,270.0,bottom
D_28,187.50375,-164.685,270.0,bottom
D_29,196.00375,-122.185,270.0,bottom
D_3,153.48625,-148.485,270.0,bottom
D_30,195.95375,-132.301294,270.0,bottom
D_31,195.95375,-140.385,270.0,bottom
D_32,196.00375,-148.485,270.0,bottom
D_33,195.95375,-156.585,270.0,bottom
D_34,195.95375,-164.685,270.0,bottom
D_35,204.42875,-122.185,270.0,bottom
D_36,204.42875,-132.326294,270.0,bottom
D_37,204.45375,-140.385,270.0,bottom
D_38,204.50375,-148.485,270.0,bottom
D_39,204.50375,-156.585,270.0,bottom
D_4,153.51125,-156.585,270.0,bottom
D_40,204.40375,-164.685,270.0,bottom
D_41,212.92875,-164.685,270.0,bottom
D_42,212.97875,-122.185,270.0,bottom
D_43,213.092401,-132.326294,270.0,bottom
D_44,212.95375,-140.385,270.0,bottom
D_45,212.98875,-148.485,270.0,bottom
D_46,212.97875,-156.585,270.0,bottom
D_47,221.40375,-122.185,270.0,bottom
D_48,224.20375,-132.285,270.0,bottom
D_49,221.42875,-140.385,270.0,bottom
D_5,157.68625,-164.685,270.0,bottom
D_50,221.45375,-148.485,270.0,bottom
D_51,221.47875,-156.585,270.0,bottom
D_52,221.42875,-164.685,270.0,bottom
D_53,229.95375,-122.185,270.0,bottom
D_54,225.72875,-132.285,270.0,bottom
D_55,229.97875,-140.385,270.0,bottom
D_56,229.95375,-148.485,270.0,bottom
D_57,229.97875,-156.585,270.0,bottom
D_58,229.93625,-164.685,270.0,bottom
D_59,238.45375,-132.285,270.0,bottom
D_6,162.16125,-122.185,270.0,bottom
D_60,238.42875,-140.385,270.0,bottom
D_61,238.47875,-148.485,270.0,bottom
D_62,238.42875,-164.685,270.0,bottom
D_63,242.888123,-122.179907,270.0,bottom
D_64,247.00375,-132.285,270.0,bottom
D_65,245.85375,-142.36,180.0,bottom
D_66,246.92875,-148.485,270.0,bottom
D_67,242.75375,-156.585,270.0,bottom
D_68,246.97875,-164.685,270.0,bottom
D_69,243.55375,-118.935,0.0,bottom
D_7,158.886673,-137.61,90.0,bottom
D_8,162.07875,-141.785,90.0,bottom
D_9,162.02875,-148.485,270.0,bottom
F1,161.216643,-119.936931,0.0,bottom
F3,187.793868,-118.685,90.0,bottom
F4,239.36625,-119.285,180.0,bottom
H1,234.805,-29.0695,270.0,bottom
J1,230.39725,-20.58705,0.0,bottom
J10,178.14,-56.555,90.0,bottom
J11,159.995,-48.68,270.0,bottom
J12,247.5875,-49.48,270.0,bottom
J13,251.63875,-26.28,270.0,bottom
J14,180.17,-29.905,90.0,bottom
J15,199.31,-22.3,90.0,bottom
J16,203.3625,-77.0525,270.0,bottom
J19,155.204967,-20.455,180.0,bottom
J2,197.82875,-93.335,270.0,bottom
J20,244.99,-68.14,180.0,bottom
J21,249.0675,-82.51325,270.0,bottom
J3,197.77875,-97.185,270.0,bottom
J4,198.08625,-94.9225,180.0,bottom
J5,225.4075,-84.9,270.0,bottom
J6,251.63875,-123.11,270.0,bottom
J7,172.55375,-118.41,180.0,bottom
J8,247.28375,-136.76,0.0,bottom
J9,225.90375,-123.975,0.0,bottom
K_1,154.90375,-132.985,0.0,top
K_10,163.40375,-157.285,0.0,top
K_11,171.90375,-165.385,0.0,top
K_12,171.90375,-122.885,0.0,top
K_13,171.90375,-132.985,0.0,top
K_14,171.90375,-141.085,0.0,top
K_15,171.90375,-149.185,0.0,top
K_16,171.90375,-157.285,0.0,top
K_17,180.40375,-165.385,0.0,top
K_18,180.40375,-122.885,0.0,top
K_19,180.40375,-132.985,0.0,top
K_2,154.90375,-141.085,0.0,top
K_20,180.40375,-141.085,0.0,top
K_21,180.40375,-149.185,0.0,top
K_22,180.40375,-157.285,0.0,top
K_23,188.90375,-122.885,0.0,top
K_24,188.90375,-132.985,0.0,top
K_25,188.90375,-141.085,0.0,top
K_26,188.90375,-149.185,0.0,top
K_27,188.90375,-157.285,0.0,top
K_28,188.90375,-165.385,0.0,top
K_29,197.40375,-122.885,0.0,top
K_3,154.90375,-149.185,0.0,top
K_30,197.40375,-132.985,0.0,top
K_31,197.40375,-141.085,0.0,top
K_32,197.40375,-149.185,0.0,top
K_33,197.40375,-157.285,0.0,top
K_34,197.40375,-165.385,0.0,top
K_35,205.90375,-122.885,0.0,top
K_36,205.90375,-132.985,0.0,top
K_37,205.90375,-141.085,0.0,top
K_38,205.90375,-149.185,0.0,top
K_39,205.90375,-157.285,0.0,top
K_4,154.90375,-157.285,0.0,top
K_40,205.90375,-165.385,0.0,top
K_41,214.40375,-165.385,0.0,top
K_42,214.40375,-122.885,0.0,top
K_43,214.40375,-132.985,0.0,top
K_44,214.40375,-141.085,0.0,top
K_45,214.40375,-149.185,0.0,top
K_46,214.40375,-157.285,0.0,top
K_47,222.90375,-122.885,0.0,top
K_48,222.90375,-132.985,0.0,top
K_49,222.90375,-141.085,0.0,top
K_5,159.15375,-165.385,0.0,top
K_50,222.90375,-149.185,0.0,top
K_51,222.90375,-157.285,0.0,top
K_52,222.90375,-165.385,0.0,top
K_53,231.40375,-122.885,0.0,top
K_54,231.40375,-132.985,0.0,top
K_55,231.40375,-141.085,0.0,top
K_56,231.40375,-149.185,0.0,top
K_57,231.40375,-157.285,0.0,top
K_58,231.40375,-165.385,0.0,top
K_59,239.90375,-132.985,0.0,top
K_6,163.40375,-122.885,0.0,top
K_60,239.90375,-141.085,0.0,top
K_61,239.90125,-149.18,0.0,top
K_62,239.90375,-165.385,0.0,top
K_63,244.15375,-122.885,0.0,top
K_64,248.40375,-132.985,0.0,top
K_65,248.40375,-141.085,0.0,top
K_66,248.40375,-149.185,0.0,top
K_67,244.15375,-157.285,0.0,top
K_68,248.40375,-165.385,0.0,top
K_69,247.05375,-102.71,0.0,top
K_7,163.40375,-132.985,0.0,top
K_70,234.07875,-106.535,0.0,top
K_71,226.32875,-96.81,0.0,top
K_72,239.354062,-93.01,0.0,top
K_73,201.92375,-97.935,0.0,top
K_74,201.88375,-104.885,0.0,top
K_75,162.15375,-92.935,0.0,top
K_76,162.15375,-106.335,0.0,top
K_77,155.45375,-99.61,0.0,top
K_78,168.92875,-99.61,0.0,top
K_79,201.92375,-90.985,0.0,top
K_8,163.40375,-141.085,0.0,top
K_80,201.88375,-111.835,0.0,top
K_81,206.47875,-90.285,180.0,bottom
K_82,213.02875,-90.285,0.0,bottom
K_83,150.20375,-140.41,270.0,bottom
K_84,241.75,-21.44,270.0,bottom
K_85,167.82,-97.32,90.0,bottom
K_9,163.40375,-149.185,0.0,top
L1,176.5295,-83.13,180.0,bottom
L2,176.592,-69.705,180.0,bottom
L3,188.7055,-82.38,180.0,bottom
L4,188.6805,-70.73,180.0,bottom
L5,162.32,-67.73,180.0,bottom
L6,172.54,-85.7,90.0,bottom
LS1,230.62875,-127.385,0.0,bottom
LS2,219.40375,-127.385,0.0,bottom
MODULE2,213.315,-28.5725,0.0,bottom
MODULE3,213.315,-62.5715,0.0,bottom
Q1,150.91625,-130.385,270.0,bottom
Q2,156.82,-103.97,90.0,bottom
Q3,151.52,-82.32,0.0,bottom
Q5,161.057149,-21.862765,180.0,bottom
Q6,152.57,-96.62,180.0,bottom
Q7,152.57,-105.32,0.0,bottom
Q8,151.52,-74.62,180.0,bottom
R1,150.079634,-134.354651,270.0,bottom
R10,227.09125,-145.83,180.0,top
R11,176.06125,-145.845,180.0,top
R12,227.04125,-128.38,180.0,top
R13,176.08375,-162.16,180.0,top
R14,210.09375,-162.155,180.0,top
R15,193.02125,-128.37,180.0,top
R16,210.07625,-145.845,180.0,top
R17,193.09625,-145.835,180.0,top
R18,210.03625,-128.37,180.0,top
R19,193.08875,-162.16,180.0,top
R2,244.09875,-162.38,180.0,top
R20,156.14875,-120.865,0.0,top
R21,156.15875,-122.87,0.0,top
R22,156.15875,-124.86,0.0,top
R23,156.17375,-126.87,0.0,top
R24,213.21625,-91.69,90.0,top
R25,209.85375,-92.845,270.0,bottom
R26,213.622129,-94.054523,180.0,bottom
R27,201.39375,-113.435,180.0,bottom
R28,201.29375,-114.835,180.0,bottom
R29,211.474833,-113.267412,90.0,bottom
R3,160.12875,-128.7,45.0,top
R30,211.10375,-92.875,270.0,bottom
R31,207.070224,-110.431796,0.0,bottom
R32,231.92375,-112.245,270.0,bottom
R33,237.71375,-106.485,0.0,bottom
R34,236.70375,-102.725,90.0,bottom
R35,240.30375,-93.245,270.0,bottom
R36,237.95375,-100.545,270.0,bottom
R37,237.86375,-94.785,180.0,bottom
R38,239.05375,-100.545,270.0,bottom
R39,240.35375,-100.545,90.0,bottom
R4,244.09125,-145.845,180.0,top
R40,245.120716,-124.87747,0.0,bottom
R41,245.22325,-121.836213,0.0,bottom
R42,188.48125,-114.86,270.0,bottom
R43,222.69375,-97.085,180.0,bottom
R44,224.11375,-94.885,180.0,bottom
R45,224.09375,-96.035,0.0,bottom
R46,227.24375,-102.985,180.0,bottom
R47,230.01625,-103.485,0.0,bottom
R48,181.0545,-76.105,270.0,bottom
R49,179.3795,-77.755,180.0,bottom
R5,159.08625,-145.845,180.0,top
R50,179.9795,-76.105,270.0,bottom
R51,193.3555,-76.33,270.0,bottom
R52,191.6055,-77.98,180.0,bottom
R53,192.2555,-76.33,270.0,bottom
R54,239.08,-37.28,270.0,bottom
R55,239.078868,-39.301289,270.0,bottom
R56,240.9725,-55.005,90.0,bottom
R57,158.795,-71.705,270.0,bottom
R58,161.500162,-74.033166,0.0,bottom
R59,167.403181,-74.156618,180.0,bottom
R6,244.05125,-128.385,180.0,top
R60,170.311252,-71.85938,90.0,bottom
R61,239.402021,-21.566568,270.0,bottom
R62,244.4975,-56.805,180.0,bottom
R63,239.320322,-19.544237,90.0,bottom
R64,165.92,-107.52,270.0,bottom
R66,154.9,-89.74,180.0,bottom
R67,236.32,-78.79,270.0,bottom
R68,232.73,-83.87,180.0,bottom
R69,232.73,-86.1,180.0,bottom
R7,159.10875,-160.295,180.0,top
R70,232.73,-84.985,180.0,bottom
R71,165.43,-78.1,180.0,bottom
R72,168.45,-80.04,90.0,bottom
R73,164.98,-89.25,90.0,bottom
R74,169.56,-81.27,90.0,bottom
R75,169.44,-91.66,180.0,bottom
R8,227.10375,-162.145,180.0,top
R83,239.07,-41.31,270.0,bottom
R84,239.07,-43.33,270.0,bottom
R85,156.42,-98.52,180.0,bottom
R86,156.42,-97.47,180.0,bottom
R87,155.97,-100.67,270.0,bottom
R88,164.37,-99.22,90.0,bottom
R89,163.87,-101.27,270.0,bottom
R9,176.03625,-128.38,180.0,top
R90,163.87,-103.27,270.0,bottom
R91,161.32,-104.82,180.0,bottom
R92,159.77,-103.37,90.0,bottom
R93,158.72,-103.37,270.0,bottom
R94,159.32,-107.72,180.0,bottom
R95,165.92,-105.42,90.0,bottom
R96,169.44,-92.72,0.0,bottom
R97,169.4375,-90.61,0.0,bottom
RV1,247.6085,-100.335,90.0,bottom
S1,252.095,-36.905,270.0,bottom
SJ1,214.01,-81.17,270.0,bottom
SJ10,183.95,-76.675,0.0,bottom
SJ11,171.16,-76.38,0.0,bottom
SJ12,185.4,-82.15,90.0,bottom
SJ13,194.975,-81.775,90.0,bottom
SJ14,166.57,-102.42,270.0,bottom
SJ15,162.12,-85.49,90.0,bottom
SJ2,216.45,-81.16,270.0,bottom
SJ3,156.101664,-71.649772,270.0,bottom
SJ4,172.810318,-71.856263,270.0,bottom
SJ5,156.07,-68.017356,270.0,bottom
SJ6,153.126276,-22.827209,0.0,bottom
SJ7,157.143337,-22.840674,0.0,bottom
SJ8,192.95,-68.8,0.0,bottom
SJ9,184.4,-68.85,0.0,bottom
U1,213.686407,-97.602286,270.0,bottom
U10,176.6045,-76.405,180.0,bottom
U11,188.732166,-76.545,180.0,bottom
U12,243.6225,-54.455,180.0,bottom
U13,162.32,-71.2925,180.0,bottom
U14,243.5825,-29.5175,90.0,bottom
U15,237.0875,-20.65,90.0,bottom
U16,160.02,-99.62,90.0,bottom
U17,159.8,-91.76,90.0,bottom
U18,157.955,-82.87,0.0,bottom
U19,237.11,-82.72,180.0,bottom
U2,163.46625,-131.535,0.0,bottom
U20,243.27,-80.67,0.0,bottom
U21,243.27,-84.36,0.0,bottom
U22,158.6,-61.975,270.0,bottom
U3,158.81625,-124.185,270.0,bottom
U4,165.83,-85.77,90.0,bottom
U5,212.26625,-106.835,90.0,bottom
U6,238.46625,-124.0475,180.0,bottom
U7,191.40375,-120.3975,90.0,bottom
U8,237.83875,-112.585,0.0,bottom
U9,230.87375,-97.235,0.0,bottom
X1,196.471368,-116.3075,0.0,bottom
X2,213.818444,-114.024242,90.0,bottom
X3,233.901171,-104.271098,0.0,bottom
